E,S,T,candidate_distance_evaluations,color_bound_violations,color_max_error,completion_distance_evaluations,component_certified,component_exact_components,component_protected_components,component_protected_edges,coverage_distance_evaluations,covers_all_observations,dataset,edge_jaccard,edge_precision,edge_recall,exact_output_match,fixed_cover_equal,gate_passed,graph_method,graph_seconds,graph_witness_counts_equal,index_seconds,landmark_sequence_equal,m,membership_completion_requested,membership_false_negatives,membership_false_positives,membership_precision,membership_recall,membership_seconds,memberships_complete,method,pipeline_peak_rss_bytes,repeat,rescued_observations,result_file,seed,selected_landmark_count,selection_seconds,staged_total_seconds,threads,validation_failures
580,27651,7655,27323,0,0.004875397172748541,0,False,14,116,499,366952,True,curve,0.9586776859504132,1.0,0.9586776859504132,False,False,True,inverted,0.019786835999980212,True,0.5077034980000121,True,614,False,2139,0,1.0,0.928197381671702,0.0,False,verified_hnsw_partial,192847872,2,328,run_00000.json,1,614,0.230016140000032,0.7575064740000244,1,[]
497915,105705,810800,105267,0,0.42090749740600586,0,False,438,1154,68594,18583747,True,mixture,0.9279020057659014,1.0,0.9279020057659014,False,False,True,inverted,0.9338446680000061,True,1.0829487160000326,True,5906,False,8429,0,1.0,0.9261482117510996,0.0,False,verified_hnsw_partial,388284416,2,438,run_00001.json,2,5906,17.15435574700001,19.17114913100005,1,[]
601,29797,9800,27093,0,0.0,12140000,True,9,9,601,396516,True,curve,1.0,1.0,1.0,True,True,True,inverted,0.025316895000003115,True,0.539296261000004,True,607,True,0,0,1.0,1.0,0.943503684999996,True,verified_hnsw_complete,200806400,2,388,run_00002.json,2,607,0.23773495899996533,1.7458517999999685,1,[]
573,27093,7358,,0,0.005382304049872055,0,False,9,125,482,,False,curve,0.9534109816971714,1.0,0.9534109816971714,False,False,True,inverted,0.022826768000015818,True,0.545640891000005,False,607,False,2704,0,1.0,0.9092526093230863,0.11401755600002161,False,hnsw,193261568,1,,run_00003.json,2,695,0.1639365890000022,0.8464218040000446,1,[]
558534,112872,934006,104825,0,0.0,121800000,True,478,478,558534,19649421,True,mixture,1.0,1.0,1.0,True,True,True,sparse,0.7230313549999892,True,1.13410336000004,True,6090,True,0,0,1.0,1.0,8.41428744000001,True,verified_hnsw_complete,378433536,1,404,run_00004.json,1,6090,19.84547218,30.11689433500004,1,[]
483346,98917,741408,98548,0,0.3387940376996994,0,False,532,1063,84478,20648714,True,mixture,0.9324955241387826,1.0,0.9324955241387826,False,False,True,inverted,0.7552301679999687,True,0.989536859999987,True,6264,False,6580,0,1.0,0.9376285581580519,0.0,False,verified_hnsw_partial,382435328,1,369,run_00005.json,0,6264,15.384983368999997,17.129750396999952,1,[]
561,27325,7326,26964,0,0.0055001292909894195,0,False,17,121,484,379870,True,curve,0.9476351351351351,1.0,0.9476351351351351,False,False,True,inverted,0.017156352000029074,True,0.4525807899999563,True,605,False,2232,0,1.0,0.9244848935954257,0.0,False,verified_hnsw_partial,193880064,0,361,run_00006.json,0,605,0.2179741589999935,0.6877113009999789,1,[]
696613,97348,886862,96450,0,1.1198536902666092,0,False,749,3846,15928,25459747,True,gaussian,0.796808479000382,1.0,0.796808479000382,False,False,True,sparse,0.8876645459999963,True,1.2450474159999771,True,6747,False,17574,0,1.0,0.8470788882894486,0.0,False,verified_hnsw_partial,423628800,1,898,run_00007.json,0,6747,19.877495375999956,22.01020733799993,1,[]
741785,104633,984219,,0,1.5031949952244759,0,False,526,3953,8284,,False,gaussian,0.7768024789485204,1.0,0.7768024789485204,False,False,True,sparse,0.9324918780000075,True,1.2654722249999963,False,6055,False,23635,0,1.0,0.8157373623974803,2.864462976000027,False,hnsw,437624832,2,,run_00008.json,1,6506,3.298375945000032,8.360803024000063,1,[]
668681,97381,843794,,0,1.1461875140666962,0,False,795,3860,16739,,False,gaussian,0.7959929004986555,1.0,0.7959929004986555,False,False,True,inverted,1.1141838839999991,True,1.2879778740000347,False,6868,False,17137,0,1.0,0.8503554026441258,3.6122457069999427,False,hnsw,443006976,2,,run_00009.json,2,7226,3.697485560999894,9.71189302599987,1,[]
840059,114518,1150593,97381,0,0.0,137360000,True,795,795,840059,26091693,True,gaussian,1.0,1.0,1.0,True,True,True,sparse,1.2055843890000233,True,1.3230178860000024,True,6868,True,0,0,1.0,1.0,9.742677379000042,True,verified_hnsw_complete,472137728,1,799,run_00010.json,2,6868,19.65966649500001,31.93094614900008,1,[]
560,26964,7217,,0,0.013787814549037436,0,False,17,137,468,,False,curve,0.9459459459459459,1.0,0.9459459459459459,False,False,True,inverted,0.017921050999916588,True,0.4477556929999764,False,605,False,2593,0,1.0,0.9122712047907433,0.10052678600004583,False,hnsw,193814528,2,,run_00011.json,0,695,0.14812509899991255,0.7143286289998514,1,[]
558534,112872,934006,104825,0,0.0,121800000,True,478,478,558534,19649421,True,mixture,1.0,1.0,1.0,True,True,True,sparse,0.7341776600000003,True,1.1022833729999775,True,6090,True,0,0,1.0,1.0,8.693075460000045,True,verified_hnsw_complete,378761216,0,404,run_00012.json,1,6090,16.87474949600005,27.404285989000073,1,[]
558534,112872,934006,104825,0,0.0,121800000,True,478,478,558534,19649421,True,mixture,1.0,1.0,1.0,True,True,True,sparse,0.7102072940000426,True,1.0521277589999727,True,6090,True,0,0,1.0,1.0,8.13610043299991,True,verified_hnsw_complete,378372096,2,404,run_00013.json,1,6090,14.873381239999958,24.771816725999884,1,[]
560,26964,7217,,0,0.013787814549037436,0,False,17,137,468,,False,curve,0.9459459459459459,1.0,0.9459459459459459,False,False,True,inverted,0.020005470999990393,True,0.466352608999955,False,605,False,2593,0,1.0,0.9122712047907433,0.10158195400003933,False,hnsw,193323008,1,,run_00014.json,0,695,0.15109406399994896,0.7390340979999337,1,[]
560,26964,7217,,0,0.013787814549037436,0,False,17,137,468,,False,curve,0.9459459459459459,1.0,0.9459459459459459,False,False,True,sparse,0.01655515999993895,True,0.4578615579999905,False,605,False,2593,0,1.0,0.9122712047907433,0.09766573199999584,False,hnsw,189075456,0,,run_00015.json,0,695,0.1459722370000236,0.7180546869999489,1,[]
580,27323,7531,,0,0.004929746761534681,0,False,14,129,486,,False,curve,0.9586776859504132,1.0,0.9586776859504132,False,False,True,sparse,0.018149223000023085,True,0.45127725100007865,False,614,False,2467,0,1.0,0.9171869754951326,0.09741115999997874,False,hnsw,186540032,2,,run_00016.json,1,697,0.14600240800007214,0.7128400420001526,1,[]
574,27481,7483,27093,0,0.005382304049872055,0,False,9,103,504,396516,True,curve,0.9550748752079867,1.0,0.9550748752079867,False,False,True,inverted,0.017853584000022238,True,0.470524591999947,True,607,False,2316,0,1.0,0.9222740544350102,0.0,False,verified_hnsw_partial,194174976,2,388,run_00017.json,2,607,0.2275207139999793,0.7158988899999486,1,[]
669044,98180,844563,97381,0,1.1461875140666962,0,False,795,3769,17912,26091693,True,gaussian,0.796425013005039,1.0,0.796425013005039,False,False,True,inverted,0.9852735939999775,True,1.337627196000085,True,6868,False,16338,0,1.0,0.8573324717511658,0.0,False,verified_hnsw_partial,444989440,2,799,run_00018.json,2,6868,19.62455482400003,21.94745561400009,1,[]
558534,112872,934006,104825,0,0.0,121800000,True,478,478,558534,19649421,True,mixture,1.0,1.0,1.0,True,True,True,inverted,0.9477929439999571,True,0.9837165489999506,True,6090,True,0,0,1.0,1.0,8.281301891999988,True,verified_hnsw_complete,409464832,0,404,run_00019.json,1,6090,14.448550797999928,24.661362182999824,1,[]
741785,104633,984219,,0,1.5031949952244759,0,False,526,3953,8284,,False,gaussian,0.7768024789485204,1.0,0.7768024789485204,False,False,True,inverted,1.1936335050000935,True,1.3261321290000296,False,6055,False,23635,0,1.0,0.8157373623974803,2.8876237040000206,False,hnsw,488714240,0,,run_00020.json,1,6506,3.3372313259999373,8.744620664000081,1,[]
601,29797,9800,27093,0,0.0,12140000,True,9,9,601,396516,True,curve,1.0,1.0,1.0,True,True,True,sparse,0.018821517999981552,True,0.4617530599999782,True,607,True,0,0,1.0,1.0,0.7814373239999668,True,verified_hnsw_complete,196706304,0,388,run_00021.json,2,607,0.23096990800002004,1.4929818099999466,1,[]
874254,114922,1219045,96450,0,0.0,134940000,True,749,749,874254,25459747,True,gaussian,1.0,1.0,1.0,True,True,True,inverted,1.432989283999973,True,1.262657795999985,True,6747,True,0,0,1.0,1.0,9.110346414000105,True,verified_hnsw_complete,536227840,1,898,run_00022.json,0,6747,18.48421858200004,30.290212076000103,1,[]
561,27325,7326,26964,0,0.0055001292909894195,0,False,17,121,484,379870,True,curve,0.9476351351351351,1.0,0.9476351351351351,False,False,True,sparse,0.019737768000027245,True,0.6018719520000104,True,605,False,2232,0,1.0,0.9244848935954257,0.0,False,verified_hnsw_partial,193318912,2,361,run_00023.json,0,605,0.2894766260000097,0.9110863460000473,1,[]
518645,105229,819017,104825,0,0.36028867959976196,0,False,478,1096,74299,19649421,True,mixture,0.9285826825224606,1.0,0.9285826825224606,False,False,True,sparse,0.7309920629999169,True,1.3264752619999172,True,6090,False,7643,0,1.0,0.932286129420937,0.0,False,verified_hnsw_partial,364732416,2,404,run_00024.json,1,6090,16.864403351999954,18.921870676999788,1,[]
592,29557,9561,26964,0,0.0,12100000,True,17,17,592,379870,True,curve,1.0,1.0,1.0,True,True,True,sparse,0.0166752179999321,True,0.4884590550000212,True,605,True,0,0,1.0,1.0,0.7530624670000634,True,verified_hnsw_complete,196415488,2,361,run_00025.json,0,605,0.23174466000000393,1.4899414000000206,1,[]
605,29790,9798,27323,0,0.0,12280000,True,14,14,605,366952,True,curve,1.0,1.0,1.0,True,True,True,inverted,0.021365145000004304,True,0.4597440690000667,True,614,True,0,0,1.0,1.0,0.8377428469999586,True,verified_hnsw_complete,201224192,0,328,run_00026.json,1,614,0.2188376710000739,1.5376897320001035,1,[]
742222,105652,985269,104633,0,1.5031949952244759,0,False,526,3877,8821,21255562,True,gaussian,0.7772601084278176,1.0,0.7772601084278176,False,False,True,sparse,0.9485892779999858,True,1.2777539679999563,True,6055,False,22616,0,1.0,0.8236816665107431,0.0,False,verified_hnsw_partial,438296576,2,1019,run_00027.json,1,6055,16.517217114000005,18.743560359999947,1,[]
483249,98548,741040,,0,0.4088723957538605,0,False,532,1113,80530,,False,mixture,0.9323083868378812,1.0,0.9323083868378812,False,False,True,inverted,0.9106877599999734,True,1.104453307999961,False,6264,False,6949,0,1.0,0.9341308283647877,3.0666953029999604,False,hnsw,380633088,0,,run_00028.json,0,6440,3.231638519999933,8.313474890999828,1,[]
574,27481,7483,27093,0,0.005382304049872055,0,False,9,103,504,396516,True,curve,0.9550748752079867,1.0,0.9550748752079867,False,False,True,inverted,0.02257626700009041,True,0.5719151839999768,True,607,False,2316,0,1.0,0.9222740544350102,0.0,False,verified_hnsw_partial,193449984,1,388,run_00029.json,2,607,0.2472427699999571,0.8417342210000243,1,[]
536603,114134,934543,105267,0,0.0,118120000,True,438,438,536603,18583747,True,mixture,1.0,1.0,1.0,True,True,True,inverted,1.1589134800000238,True,1.1992116779999833,True,5906,True,0,0,1.0,1.0,10.220010675000026,True,verified_hnsw_complete,402227200,0,438,run_00030.json,2,5906,18.743941278999955,31.322077111999988,1,[]
605,29790,9798,27323,0,0.0,12280000,True,14,14,605,366952,True,curve,1.0,1.0,1.0,True,True,True,inverted,0.021257727999909548,True,0.6379310509998959,True,614,True,0,0,1.0,1.0,0.8395120029999816,True,verified_hnsw_complete,200851456,1,328,run_00031.json,1,614,0.25900037700000667,1.7577011589997937,1,[]
497793,105267,810285,,0,0.42090749740600586,0,False,438,1194,65797,,False,mixture,0.9276746496012881,1.0,0.9276746496012881,False,False,True,inverted,0.8762113399999407,True,1.1538885229999778,False,5906,False,8867,0,1.0,0.9223106173445249,2.7436976189999314,False,hnsw,385769472,1,,run_00032.json,2,6029,2.993345379999937,7.767142861999787,1,[]
561,27325,7326,26964,0,0.0055001292909894195,0,False,17,121,484,379870,True,curve,0.9476351351351351,1.0,0.9476351351351351,False,False,True,sparse,0.01745800200001213,True,0.5277527240000381,True,605,False,2232,0,1.0,0.9244848935954257,0.0,False,verified_hnsw_partial,193945600,0,361,run_00033.json,0,605,0.23385701699999117,0.7790677430000414,1,[]
518645,105229,819017,104825,0,0.36028867959976196,0,False,478,1096,74299,19649421,True,mixture,0.9285826825224606,1.0,0.9285826825224606,False,False,True,inverted,0.9994571520001045,True,1.0472368429999506,True,6090,False,7643,0,1.0,0.932286129420937,0.0,False,verified_hnsw_partial,394936320,2,404,run_00034.json,1,6090,15.348251002000097,17.394944997000152,1,[]
601,29797,9800,27093,0,0.0,12140000,True,9,9,601,396516,True,curve,1.0,1.0,1.0,True,True,True,inverted,0.02398559799985378,True,0.5053890560000127,True,607,True,0,0,1.0,1.0,0.7934597020000638,True,verified_hnsw_complete,200871936,1,388,run_00035.json,2,607,0.23514300800002275,1.557977363999953,1,[]
874254,114922,1219045,96450,0,0.0,134940000,True,749,749,874254,25459747,True,gaussian,1.0,1.0,1.0,True,True,True,sparse,1.2575713799999448,True,1.3622031039999456,True,6747,True,0,0,1.0,1.0,9.551897897000117,True,verified_hnsw_complete,483557376,2,898,run_00036.json,0,6747,20.0531369859998,32.22480936699981,1,[]
669044,98180,844563,97381,0,1.1461875140666962,0,False,795,3769,17912,26091693,True,gaussian,0.796425013005039,1.0,0.796425013005039,False,False,True,inverted,1.0869915360001414,True,1.2651733489999515,True,6868,False,16338,0,1.0,0.8573324717511658,0.0,False,verified_hnsw_partial,444936192,1,799,run_00037.json,2,6868,20.721801931999835,23.073966816999928,1,[]
483346,98917,741408,98548,0,0.3387940376996994,0,False,532,1063,84478,20648714,True,mixture,0.9324955241387826,1.0,0.9324955241387826,False,False,True,inverted,0.8537905400000909,True,1.085836775999951,True,6264,False,6580,0,1.0,0.9376285581580519,0.0,False,verified_hnsw_partial,382222336,2,369,run_00038.json,0,6264,16.34929942200006,18.2889267380001,1,[]
696613,97348,886862,96450,0,1.1198536902666092,0,False,749,3846,15928,25459747,True,gaussian,0.796808479000382,1.0,0.796808479000382,False,False,True,inverted,1.0465295579999747,True,1.329871515999912,True,6747,False,17574,0,1.0,0.8470788882894486,0.0,False,verified_hnsw_partial,453836800,2,898,run_00039.json,0,6747,18.571389741000075,20.947790814999962,1,[]
518645,105229,819017,104825,0,0.36028867959976196,0,False,478,1096,74299,19649421,True,mixture,0.9285826825224606,1.0,0.9285826825224606,False,False,True,inverted,0.836125667999795,True,0.9928181569998742,True,6090,False,7643,0,1.0,0.932286129420937,0.0,False,verified_hnsw_partial,394944512,0,404,run_00040.json,1,6090,14.76363325400007,16.59257707899974,1,[]
497915,105705,810800,105267,0,0.42090749740600586,0,False,438,1154,68594,18583747,True,mixture,0.9279020057659014,1.0,0.9279020057659014,False,False,True,sparse,0.6625072290000844,True,1.0078953320000892,True,5906,False,8429,0,1.0,0.9261482117510996,0.0,False,verified_hnsw_partial,357539840,0,438,run_00041.json,2,5906,13.880620749000173,15.551023310000346,1,[]
696233,96450,885916,,0,1.1198536902666092,0,False,749,3940,14656,,False,gaussian,0.7963738227105623,1.0,0.7963738227105623,False,False,True,inverted,1.0510864369998671,True,1.2623822020000262,False,6747,False,18472,0,1.0,0.839264892709838,3.325869446999832,False,hnsw,451760128,2,,run_00042.json,0,7157,3.747223388000066,9.386561473999791,1,[]
605,29790,9798,27323,0,0.0,12280000,True,14,14,605,366952,True,curve,1.0,1.0,1.0,True,True,True,inverted,0.019958607000035045,True,0.4624924730001112,True,614,True,0,0,1.0,1.0,0.7390800580001269,True,verified_hnsw_complete,201056256,2,328,run_00043.json,1,614,0.21967562899999393,1.441206767000267,1,[]
741785,104633,984219,,0,1.5031949952244759,0,False,526,3953,8284,,False,gaussian,0.7768024789485204,1.0,0.7768024789485204,False,False,True,sparse,0.9452757879998899,True,1.286697871999877,False,6055,False,23635,0,1.0,0.8157373623974803,3.1686670439999034,False,hnsw,437735424,0,,run_00044.json,1,6506,3.431033434000028,8.831674137999698,1,[]
696233,96450,885916,,0,1.1198536902666092,0,False,749,3940,14656,,False,gaussian,0.7963738227105623,1.0,0.7963738227105623,False,False,True,sparse,0.940762210999992,True,1.2913373029998638,False,6747,False,18472,0,1.0,0.839264892709838,3.483473718000141,False,hnsw,423092224,0,,run_00045.json,0,7157,3.6993510170000263,9.414924249000023,1,[]
580,27323,7531,,0,0.004929746761534681,0,False,14,129,486,,False,curve,0.9586776859504132,1.0,0.9586776859504132,False,False,True,sparse,0.017415328999959456,True,0.4853495020001901,False,614,False,2467,0,1.0,0.9171869754951326,0.1017212889998973,False,hnsw,187170816,1,,run_00046.json,1,697,0.15273764399989886,0.7572237639999457,1,[]
669044,98180,844563,97381,0,1.1461875140666962,0,False,795,3769,17912,26091693,True,gaussian,0.796425013005039,1.0,0.796425013005039,False,False,True,sparse,0.9127195890000621,True,1.3102058929998748,True,6868,False,16338,0,1.0,0.8573324717511658,0.0,False,verified_hnsw_partial,414466048,2,799,run_00047.json,2,6868,19.130616819000124,21.35354230100006,1,[]
874254,114922,1219045,96450,0,0.0,134940000,True,749,749,874254,25459747,True,gaussian,1.0,1.0,1.0,True,True,True,inverted,1.3746104470001228,True,1.2449324419999357,True,6747,True,0,0,1.0,1.0,8.526453000999936,True,verified_hnsw_complete,537133056,2,898,run_00048.json,0,6747,18.404923281000038,29.550919171000032,1,[]
518554,104825,818601,,0,0.36028867959976196,0,False,478,1162,71435,,False,mixture,0.9284197560041108,1.0,0.9284197560041108,False,False,True,sparse,0.673217632999922,True,0.9942347530000006,False,6090,False,8047,0,1.0,0.9287068537812744,2.5569218789999013,False,hnsw,364445696,2,,run_00049.json,1,6273,2.8657742840000537,7.090148548999878,1,[]
580,27323,7531,,0,0.004929746761534681,0,False,14,129,486,,False,curve,0.9586776859504132,1.0,0.9586776859504132,False,False,True,inverted,0.01778478999995059,True,0.4915815990000283,False,614,False,2467,0,1.0,0.9171869754951326,0.10199737299990375,False,hnsw,191815680,0,,run_00050.json,1,697,0.15329909999991287,0.7646628619997955,1,[]
580,27323,7531,,0,0.004929746761534681,0,False,14,129,486,,False,curve,0.9586776859504132,1.0,0.9586776859504132,False,False,True,inverted,0.01763023099988459,True,0.4739180540000234,False,614,False,2467,0,1.0,0.9171869754951326,0.09742275400003564,False,hnsw,193810432,2,,run_00051.json,1,697,0.14639107700008935,0.735362116000033,1,[]
483249,98548,741040,,0,0.4088723957538605,0,False,532,1113,80530,,False,mixture,0.9323083868378812,1.0,0.9323083868378812,False,False,True,inverted,0.8488345170001139,True,1.0539093610000236,False,6264,False,6949,0,1.0,0.9341308283647877,2.928485321000153,False,hnsw,380334080,1,,run_00052.json,0,6440,3.2512055250001595,8.08243472400045,1,[]
497793,105267,810285,,0,0.42090749740600586,0,False,438,1194,65797,,False,mixture,0.9276746496012881,1.0,0.9276746496012881,False,False,True,inverted,0.8578861850000976,True,1.063177468000049,False,5906,False,8867,0,1.0,0.9223106173445249,2.6545100170001206,False,hnsw,386179072,0,,run_00053.json,2,6029,2.9582042780000393,7.533777948000306,1,[]
574,27481,7483,27093,0,0.005382304049872055,0,False,9,103,504,396516,True,curve,0.9550748752079867,1.0,0.9550748752079867,False,False,True,sparse,0.016696169999931953,True,0.47787450500004525,True,607,False,2316,0,1.0,0.9222740544350102,0.0,False,verified_hnsw_partial,193781760,1,388,run_00054.json,2,607,0.22852364000004854,0.7230943150000257,1,[]
518554,104825,818601,,0,0.36028867959976196,0,False,478,1162,71435,,False,mixture,0.9284197560041108,1.0,0.9284197560041108,False,False,True,inverted,0.865130845000067,True,1.0595647759998883,False,6090,False,8047,0,1.0,0.9287068537812744,2.8215036399999462,False,hnsw,392552448,1,,run_00055.json,1,6273,2.9241277690000516,7.670327029999953,1,[]
874254,114922,1219045,96450,0,0.0,134940000,True,749,749,874254,25459747,True,gaussian,1.0,1.0,1.0,True,True,True,sparse,1.1697933189998366,True,1.2650817859998824,True,6747,True,0,0,1.0,1.0,9.104635831999985,True,verified_hnsw_complete,483618816,0,898,run_00056.json,0,6747,19.09290059,30.632411526999704,1,[]
669044,98180,844563,97381,0,1.1461875140666962,0,False,795,3769,17912,26091693,True,gaussian,0.796425013005039,1.0,0.796425013005039,False,False,True,inverted,1.048358707000034,True,1.318015990000049,True,6868,False,16338,0,1.0,0.8573324717511658,0.0,False,verified_hnsw_partial,445214720,0,799,run_00057.json,2,6868,19.400879768000095,21.76725446500018,1,[]
580,27651,7655,27323,0,0.004875397172748541,0,False,14,116,499,366952,True,curve,0.9586776859504132,1.0,0.9586776859504132,False,False,True,inverted,0.018514006000032168,True,0.5233660490000602,True,614,False,2139,0,1.0,0.928197381671702,0.0,False,verified_hnsw_partial,193835008,0,328,run_00058.json,1,614,0.22796127599985994,0.7698413309999523,1,[]
580,27651,7655,27323,0,0.004875397172748541,0,False,14,116,499,366952,True,curve,0.9586776859504132,1.0,0.9586776859504132,False,False,True,sparse,0.017293734000077166,True,0.4971508300000096,True,614,False,2139,0,1.0,0.928197381671702,0.0,False,verified_hnsw_partial,194121728,2,328,run_00059.json,1,614,0.2293463729999985,0.7437909370000853,1,[]
483249,98548,741040,,0,0.4088723957538605,0,False,532,1113,80530,,False,mixture,0.9323083868378812,1.0,0.9323083868378812,False,False,True,sparse,0.7391567449999457,True,1.0958808230000159,False,6264,False,6949,0,1.0,0.9341308283647877,2.9537405680000575,False,hnsw,352002048,0,,run_00060.json,0,6440,3.316551612000012,8.105329748000031,1,[]
518645,105229,819017,104825,0,0.36028867959976196,0,False,478,1096,74299,19649421,True,mixture,0.9285826825224606,1.0,0.9285826825224606,False,False,True,inverted,0.833990472999858,True,1.0266690790001576,True,6090,False,7643,0,1.0,0.932286129420937,0.0,False,verified_hnsw_partial,395194368,1,404,run_00061.json,1,6090,14.350539748000074,16.21119930000009,1,[]
518645,105229,819017,104825,0,0.36028867959976196,0,False,478,1096,74299,19649421,True,mixture,0.9285826825224606,1.0,0.9285826825224606,False,False,True,sparse,0.6932040369999868,True,1.0029080199999498,True,6090,False,7643,0,1.0,0.932286129420937,0.0,False,verified_hnsw_partial,364838912,1,404,run_00062.json,1,6090,14.415015889000188,16.111127946000124,1,[]
518336,105497,836791,98548,0,0.0,125280000,True,532,532,518336,20648714,True,mixture,1.0,1.0,1.0,True,True,True,inverted,0.8093121869999322,True,0.9901825489998828,True,6264,True,0,0,1.0,1.0,7.737814737999997,True,verified_hnsw_complete,395157504,2,369,run_00063.json,0,6264,14.999450721999892,24.536760195999705,1,[]
518336,105497,836791,98548,0,0.0,125280000,True,532,532,518336,20648714,True,mixture,1.0,1.0,1.0,True,True,True,sparse,0.6776186260001396,True,1.0111517619998267,True,6264,True,0,0,1.0,1.0,8.008594722999987,True,verified_hnsw_complete,365064192,2,369,run_00064.json,0,6264,15.219909623000149,24.917274734000102,1,[]
561,27325,7326,26964,0,0.0055001292909894195,0,False,17,121,484,379870,True,curve,0.9476351351351351,1.0,0.9476351351351351,False,False,True,sparse,0.016418201000078625,True,0.4523940889998812,True,605,False,2232,0,1.0,0.9244848935954257,0.0,False,verified_hnsw_partial,194174976,1,361,run_00065.json,0,605,0.21947371700002805,0.6882860069999879,1,[]
561,27325,7326,26964,0,0.0055001292909894195,0,False,17,121,484,379870,True,curve,0.9476351351351351,1.0,0.9476351351351351,False,False,True,inverted,0.01756618600006732,True,0.4603494559999035,True,605,False,2232,0,1.0,0.9244848935954257,0.0,False,verified_hnsw_partial,194174976,2,361,run_00066.json,0,605,0.22014761800005545,0.6980632600000263,1,[]
573,27093,7358,,0,0.005382304049872055,0,False,9,125,482,,False,curve,0.9534109816971714,1.0,0.9534109816971714,False,False,True,inverted,0.017114661000050546,True,0.45678572399992845,False,607,False,2704,0,1.0,0.9092526093230863,0.10071410500017919,False,hnsw,193486848,2,,run_00067.json,2,695,0.14536049600019396,0.7199749860003521,1,[]
741785,104633,984219,,0,1.5031949952244759,0,False,526,3953,8284,,False,gaussian,0.7768024789485204,1.0,0.7768024789485204,False,False,True,sparse,0.9304985130002024,True,1.2641282409999803,False,6055,False,23635,0,1.0,0.8157373623974803,2.921994322000046,False,hnsw,437858304,1,,run_00068.json,1,6506,3.3112146040000425,8.427835680000271,1,[]
696613,97348,886862,96450,0,1.1198536902666092,0,False,749,3846,15928,25459747,True,gaussian,0.796808479000382,1.0,0.796808479000382,False,False,True,sparse,0.885364976999881,True,1.2507902580000518,True,6747,False,17574,0,1.0,0.8470788882894486,0.0,False,verified_hnsw_partial,423686144,0,898,run_00069.json,0,6747,18.099038930999996,20.23519416599993,1,[]
954921,128268,1419251,104633,0,0.0,121100000,True,526,526,954921,21255562,True,gaussian,1.0,1.0,1.0,True,True,True,sparse,1.2020693139998002,True,1.288596582999844,True,6055,True,0,0,1.0,1.0,7.828274153999928,True,verified_hnsw_complete,510943232,2,1019,run_00070.json,1,6055,15.825537510999993,26.144477561999565,1,[]
574,27481,7483,27093,0,0.005382304049872055,0,False,9,103,504,396516,True,curve,0.9550748752079867,1.0,0.9550748752079867,False,False,True,sparse,0.016502709999940635,True,0.46241809200000716,True,607,False,2316,0,1.0,0.9222740544350102,0.0,False,verified_hnsw_partial,193916928,0,388,run_00071.json,2,607,0.22292339900013758,0.7018442010000854,1,[]
954921,128268,1419251,104633,0,0.0,121100000,True,526,526,954921,21255562,True,gaussian,1.0,1.0,1.0,True,True,True,inverted,1.498804287999974,True,1.2726766309999675,True,6055,True,0,0,1.0,1.0,7.488132753999935,True,verified_hnsw_complete,566337536,2,1019,run_00072.json,1,6055,15.783909251000068,26.043522923999944,1,[]
954921,128268,1419251,104633,0,0.0,121100000,True,526,526,954921,21255562,True,gaussian,1.0,1.0,1.0,True,True,True,sparse,1.1938977879999584,True,1.2654270129999077,True,6055,True,0,0,1.0,1.0,8.029218709999896,True,verified_hnsw_complete,510709760,1,1019,run_00073.json,1,6055,15.674790839000025,26.163334349999786,1,[]
601,29797,9800,27093,0,0.0,12140000,True,9,9,601,396516,True,curve,1.0,1.0,1.0,True,True,True,inverted,0.018500664999919536,True,0.4658210489999419,True,607,True,0,0,1.0,1.0,0.7366319739999199,True,verified_hnsw_complete,200695808,0,388,run_00074.json,2,607,0.22276967700008754,1.4437233649998689,1,[]
696613,97348,886862,96450,0,1.1198536902666092,0,False,749,3846,15928,25459747,True,gaussian,0.796808479000382,1.0,0.796808479000382,False,False,True,inverted,1.0275736660000803,True,1.2769320039999457,True,6747,False,17574,0,1.0,0.8470788882894486,0.0,False,verified_hnsw_partial,453812224,1,898,run_00075.json,0,6747,18.371908643000097,20.676414313000123,1,[]
518554,104825,818601,,0,0.36028867959976196,0,False,478,1162,71435,,False,mixture,0.9284197560041108,1.0,0.9284197560041108,False,False,True,inverted,0.8074005549999583,True,0.9975207960001171,False,6090,False,8047,0,1.0,0.9287068537812744,2.601482224999927,False,hnsw,393224192,2,,run_00076.json,1,6273,2.8407960280001134,7.247199604000116,1,[]
560,26964,7217,,0,0.013787814549037436,0,False,17,137,468,,False,curve,0.9459459459459459,1.0,0.9459459459459459,False,False,True,sparse,0.016719219000151497,True,0.4666588679999677,False,605,False,2593,0,1.0,0.9122712047907433,0.10032271299996864,False,hnsw,188702720,2,,run_00077.json,0,695,0.1486551299999519,0.7323559300000397,1,[]
483249,98548,741040,,0,0.4088723957538605,0,False,532,1113,80530,,False,mixture,0.9323083868378812,1.0,0.9323083868378812,False,False,True,sparse,0.6496711980003056,True,1.009981777000121,False,6264,False,6949,0,1.0,0.9341308283647877,2.790692919999856,False,hnsw,352296960,1,,run_00078.json,0,6440,2.919956555999761,7.370302451000043,1,[]
536603,114134,934543,105267,0,0.0,118120000,True,438,438,536603,18583747,True,mixture,1.0,1.0,1.0,True,True,True,sparse,0.7013497220000318,True,0.9964866529999199,True,5906,True,0,0,1.0,1.0,7.5601999669997895,True,verified_hnsw_complete,371056640,1,438,run_00079.json,2,5906,13.835781105000024,23.093817446999765,1,[]
580,27323,7531,,0,0.004929746761534681,0,False,14,129,486,,False,curve,0.9586776859504132,1.0,0.9586776859504132,False,False,True,sparse,0.01626908900016133,True,0.45918540799993934,False,614,False,2467,0,1.0,0.9171869754951326,0.09595636099993499,False,hnsw,186826752,0,,run_00080.json,1,697,0.14504495200026213,0.7164558100002978,1,[]
518336,105497,836791,98548,0,0.0,125280000,True,532,532,518336,20648714,True,mixture,1.0,1.0,1.0,True,True,True,inverted,0.8104318159998911,True,1.0151921629999379,True,6264,True,0,0,1.0,1.0,7.510547965000114,True,verified_hnsw_complete,395235328,0,369,run_00081.json,0,6264,14.902043403000334,24.238215347000278,1,[]
605,29790,9798,27323,0,0.0,12280000,True,14,14,605,366952,True,curve,1.0,1.0,1.0,True,True,True,sparse,0.017488661999777833,True,0.45602326400012316,True,614,True,0,0,1.0,1.0,0.74360145799983,True,verified_hnsw_complete,196419584,2,328,run_00082.json,1,614,0.22253487099987979,1.4396482549996108,1,[]
497915,105705,810800,105267,0,0.42090749740600586,0,False,438,1154,68594,18583747,True,mixture,0.9279020057659014,1.0,0.9279020057659014,False,False,True,sparse,0.6565151069999047,True,0.991455201000008,True,5906,False,8429,0,1.0,0.9261482117510996,0.0,False,verified_hnsw_partial,358330368,1,438,run_00083.json,2,5906,13.765658138999697,15.41362844699961,1,[]
483249,98548,741040,,0,0.4088723957538605,0,False,532,1113,80530,,False,mixture,0.9323083868378812,1.0,0.9323083868378812,False,False,True,sparse,0.6304270700002235,True,0.987266037000154,False,6264,False,6949,0,1.0,0.9341308283647877,2.6281244550000338,False,hnsw,352313344,2,,run_00084.json,0,6440,2.843339096999898,7.0891566590003094,1,[]
592,29557,9561,26964,0,0.0,12100000,True,17,17,592,379870,True,curve,1.0,1.0,1.0,True,True,True,inverted,0.019449740999789356,True,0.4631314520001979,True,605,True,0,0,1.0,1.0,0.7142391809998117,True,verified_hnsw_complete,201449472,2,361,run_00085.json,0,605,0.221458402999815,1.418278776999614,1,[]
561,27325,7326,26964,0,0.0055001292909894195,0,False,17,121,484,379870,True,curve,0.9476351351351351,1.0,0.9476351351351351,False,False,True,inverted,0.01796784399994067,True,0.46559420399989904,True,605,False,2232,0,1.0,0.9244848935954257,0.0,False,verified_hnsw_partial,193716224,1,361,run_00086.json,0,605,0.22126536099995064,0.7048274089997904,1,[]
592,29557,9561,26964,0,0.0,12100000,True,17,17,592,379870,True,curve,1.0,1.0,1.0,True,True,True,inverted,0.01930956999967748,True,0.46410357600007046,True,605,True,0,0,1.0,1.0,0.7201451190003354,True,verified_hnsw_complete,200929280,0,361,run_00087.json,0,605,0.22126997100031076,1.424828236000394,1,[]
840059,114518,1150593,97381,0,0.0,137360000,True,795,795,840059,26091693,True,gaussian,1.0,1.0,1.0,True,True,True,sparse,1.0666205840002476,True,1.2969550049997451,True,6868,True,0,0,1.0,1.0,8.569134612000198,True,verified_hnsw_complete,472379392,0,799,run_00088.json,2,6868,18.615907415000038,29.54861761600023,1,[]
874254,114922,1219045,96450,0,0.0,134940000,True,749,749,874254,25459747,True,gaussian,1.0,1.0,1.0,True,True,True,sparse,1.096198392000133,True,1.2640691550000156,True,6747,True,0,0,1.0,1.0,8.737857301000076,True,verified_hnsw_complete,483536896,1,898,run_00089.json,0,6747,18.34979102599982,29.447915874000046,1,[]
840059,114518,1150593,97381,0,0.0,137360000,True,795,795,840059,26091693,True,gaussian,1.0,1.0,1.0,True,True,True,inverted,1.2787286759999006,True,1.2713371410000036,True,6868,True,0,0,1.0,1.0,8.562095775000216,True,verified_hnsw_complete,525283328,1,799,run_00090.json,2,6868,18.529189896999924,29.641351489000044,1,[]
696613,97348,886862,96450,0,1.1198536902666092,0,False,749,3846,15928,25459747,True,gaussian,0.796808479000382,1.0,0.796808479000382,False,False,True,sparse,0.8772813109999333,True,1.2724305100000493,True,6747,False,17574,0,1.0,0.8470788882894486,0.0,False,verified_hnsw_partial,423759872,2,898,run_00091.json,0,6747,17.70369326800028,19.853405089000262,1,[]
696613,97348,886862,96450,0,1.1198536902666092,0,False,749,3846,15928,25459747,True,gaussian,0.796808479000382,1.0,0.796808479000382,False,False,True,inverted,1.0080315940003857,True,1.2698132689997692,True,6747,False,17574,0,1.0,0.8470788882894486,0.0,False,verified_hnsw_partial,454500352,0,898,run_00092.json,0,6747,17.698622076999982,19.976466940000137,1,[]
483346,98917,741408,98548,0,0.3387940376996994,0,False,532,1063,84478,20648714,True,mixture,0.9324955241387826,1.0,0.9324955241387826,False,False,True,sparse,0.6288404809997701,True,1.0075028930000371,True,6264,False,6580,0,1.0,0.9376285581580519,0.0,False,verified_hnsw_partial,352452608,1,369,run_00093.json,0,6264,15.071726970999862,16.70807034499967,1,[]
574,27481,7483,27093,0,0.005382304049872055,0,False,9,103,504,396516,True,curve,0.9550748752079867,1.0,0.9550748752079867,False,False,True,inverted,0.017953457000203343,True,0.45910201700007747,True,607,False,2316,0,1.0,0.9222740544350102,0.0,False,verified_hnsw_partial,193896448,0,388,run_00094.json,2,607,0.2275378270001056,0.7045933010003864,1,[]
742222,105652,985269,104633,0,1.5031949952244759,0,False,526,3877,8821,21255562,True,gaussian,0.7772601084278176,1.0,0.7772601084278176,False,False,True,sparse,0.9415020420001383,True,1.2816199750000123,True,6055,False,22616,0,1.0,0.8236816665107431,0.0,False,verified_hnsw_partial,437895168,0,1019,run_00095.json,1,6055,15.877671401000043,18.100793418000194,1,[]
518554,104825,818601,,0,0.36028867959976196,0,False,478,1162,71435,,False,mixture,0.9284197560041108,1.0,0.9284197560041108,False,False,True,sparse,0.66988039700027,True,0.9910148499998286,False,6090,False,8047,0,1.0,0.9287068537812744,2.7247830729997986,False,hnsw,365125632,0,,run_00096.json,1,6273,2.8458257339998454,7.231504053999743,1,[]
954921,128268,1419251,104633,0,0.0,121100000,True,526,526,954921,21255562,True,gaussian,1.0,1.0,1.0,True,True,True,inverted,1.5418471190000673,True,1.2649444779999612,True,6055,True,0,0,1.0,1.0,7.8654054599996925,True,verified_hnsw_complete,566276096,0,1019,run_00097.json,1,6055,15.835431048999908,26.50762810599963,1,[]
605,29790,9798,27323,0,0.0,12280000,True,14,14,605,366952,True,curve,1.0,1.0,1.0,True,True,True,sparse,0.017071847999886813,True,0.45667034500002046,True,614,True,0,0,1.0,1.0,0.7271815099998094,True,verified_hnsw_complete,196956160,0,328,run_00098.json,1,614,0.2197025880000183,1.420626290999735,1,[]
518554,104825,818601,,0,0.36028867959976196,0,False,478,1162,71435,,False,mixture,0.9284197560041108,1.0,0.9284197560041108,False,False,True,inverted,0.8074835269999312,True,1.008323670000209,False,6090,False,8047,0,1.0,0.9287068537812744,2.626469769999858,False,hnsw,393379840,0,,run_00099.json,1,6273,2.8715613509998548,7.313838317999853,1,[]
497915,105705,810800,105267,0,0.42090749740600586,0,False,438,1154,68594,18583747,True,mixture,0.9279020057659014,1.0,0.9279020057659014,False,False,True,inverted,0.7823698490001334,True,1.00335493700004,True,5906,False,8429,0,1.0,0.9261482117510996,0.0,False,verified_hnsw_partial,388321280,1,438,run_00100.json,2,5906,13.752169998999761,15.537894784999935,1,[]
573,27093,7358,,0,0.005382304049872055,0,False,9,125,482,,False,curve,0.9534109816971714,1.0,0.9534109816971714,False,False,True,inverted,0.0202190459999656,True,0.5236150340001586,False,607,False,2704,0,1.0,0.9092526093230863,0.11134342300010758,False,hnsw,193794048,0,,run_00101.json,2,695,0.1503908310000952,0.805568334000327,1,[]
668681,97381,843794,,0,1.1461875140666962,0,False,795,3860,16739,,False,gaussian,0.7959929004986555,1.0,0.7959929004986555,False,False,True,sparse,0.918909013999837,True,1.3666565480002646,False,6868,False,17137,0,1.0,0.8503554026441258,3.428538136000043,False,hnsw,412852224,1,,run_00102.json,2,7226,3.828613045000111,9.542716743000256,1,[]
592,29557,9561,26964,0,0.0,12100000,True,17,17,592,379870,True,curve,1.0,1.0,1.0,True,True,True,sparse,0.01683166299972072,True,0.4606383899999855,True,605,True,0,0,1.0,1.0,0.7253633269997408,True,verified_hnsw_complete,197025792,1,361,run_00103.json,0,605,0.22434767699996883,1.4271810569994159,1,[]
840059,114518,1150593,97381,0,0.0,137360000,True,795,795,840059,26091693,True,gaussian,1.0,1.0,1.0,True,True,True,inverted,1.2783450379997703,True,1.2718648630002463,True,6868,True,0,0,1.0,1.0,8.946341457000017,True,verified_hnsw_complete,525606912,2,799,run_00104.json,2,6868,18.25259155499998,29.749142913000014,1,[]
483346,98917,741408,98548,0,0.3387940376996994,0,False,532,1063,84478,20648714,True,mixture,0.9324955241387826,1.0,0.9324955241387826,False,False,True,inverted,0.8120271349998802,True,1.0117177580000316,True,6264,False,6580,0,1.0,0.9376285581580519,0.0,False,verified_hnsw_partial,382291968,0,369,run_00105.json,0,6264,15.344157730999996,17.167902623999908,1,[]
558534,112872,934006,104825,0,0.0,121800000,True,478,478,558534,19649421,True,mixture,1.0,1.0,1.0,True,True,True,inverted,0.9753674200001115,True,1.053515943000093,True,6090,True,0,0,1.0,1.0,8.085754500000348,True,verified_hnsw_complete,409616384,1,404,run_00106.json,1,6090,14.779730394000126,24.89436825700068,1,[]
536603,114134,934543,105267,0,0.0,118120000,True,438,438,536603,18583747,True,mixture,1.0,1.0,1.0,True,True,True,inverted,0.9171003980000023,True,1.1764024199997039,True,5906,True,0,0,1.0,1.0,9.431962991999626,True,verified_hnsw_complete,402644992,2,438,run_00107.json,2,5906,18.754293607999898,30.27975941799923,1,[]
605,29790,9798,27323,0,0.0,12280000,True,14,14,605,366952,True,curve,1.0,1.0,1.0,True,True,True,sparse,0.018050048000077368,True,0.4579239299996516,True,614,True,0,0,1.0,1.0,0.8382833509999728,True,verified_hnsw_complete,196554752,1,328,run_00108.json,1,614,0.22414017799974317,1.5383975069994449,1,[]
483346,98917,741408,98548,0,0.3387940376996994,0,False,532,1063,84478,20648714,True,mixture,0.9324955241387826,1.0,0.9324955241387826,False,False,True,sparse,0.6618533020000541,True,0.9975231009998424,True,6264,False,6580,0,1.0,0.9376285581580519,0.0,False,verified_hnsw_partial,352518144,2,369,run_00109.json,0,6264,14.855380407999746,16.514756810999643,1,[]
669044,98180,844563,97381,0,1.1461875140666962,0,False,795,3769,17912,26091693,True,gaussian,0.796425013005039,1.0,0.796425013005039,False,False,True,sparse,0.8489232160000029,True,1.2749723910001194,True,6868,False,16338,0,1.0,0.8573324717511658,0.0,False,verified_hnsw_partial,413995008,0,799,run_00110.json,2,6868,18.26280838999992,20.38670399700004,1,[]
560,26964,7217,,0,0.013787814549037436,0,False,17,137,468,,False,curve,0.9459459459459459,1.0,0.9459459459459459,False,False,True,inverted,0.01713805700001103,True,0.45244102300011946,False,605,False,2593,0,1.0,0.9122712047907433,0.09726316500018584,False,hnsw,192126976,0,,run_00111.json,0,695,0.14774802800002362,0.71459027300034,1,[]
742222,105652,985269,104633,0,1.5031949952244759,0,False,526,3877,8821,21255562,True,gaussian,0.7772601084278176,1.0,0.7772601084278176,False,False,True,inverted,1.1937923969999247,True,1.2886964559997978,True,6055,False,22616,0,1.0,0.8236816665107431,0.0,False,verified_hnsw_partial,491565056,2,1019,run_00112.json,1,6055,15.998818755999764,18.481307608999487,1,[]
536603,114134,934543,105267,0,0.0,118120000,True,438,438,536603,18583747,True,mixture,1.0,1.0,1.0,True,True,True,sparse,0.7265022320002572,True,0.9890870839999479,True,5906,True,0,0,1.0,1.0,8.123629338999763,True,verified_hnsw_complete,371200000,2,438,run_00113.json,2,5906,14.072735243999887,23.911953898999855,1,[]
497915,105705,810800,105267,0,0.42090749740600586,0,False,438,1154,68594,18583747,True,mixture,0.9279020057659014,1.0,0.9279020057659014,False,False,True,sparse,0.6509105360000831,True,1.0671421609999925,True,5906,False,8429,0,1.0,0.9261482117510996,0.0,False,verified_hnsw_partial,357928960,2,438,run_00114.json,2,5906,14.110495402000197,15.828548099000272,1,[]
497793,105267,810285,,0,0.42090749740600586,0,False,438,1194,65797,,False,mixture,0.9276746496012881,1.0,0.9276746496012881,False,False,True,inverted,0.7837119239998174,True,0.9763959750002869,False,5906,False,8867,0,1.0,0.9223106173445249,2.552925268999843,False,hnsw,386142208,2,,run_00115.json,2,6029,2.6760017139999945,6.989034881999942,1,[]
741785,104633,984219,,0,1.5031949952244759,0,False,526,3953,8284,,False,gaussian,0.7768024789485204,1.0,0.7768024789485204,False,False,True,inverted,1.193466097000055,True,1.2877898440001445,False,6055,False,23635,0,1.0,0.8157373623974803,3.2286593610001546,False,hnsw,488394752,2,,run_00116.json,1,6506,3.46342466599981,9.173339968000164,1,[]
668681,97381,843794,,0,1.1461875140666962,0,False,795,3860,16739,,False,gaussian,0.7959929004986555,1.0,0.7959929004986555,False,False,True,sparse,0.8828353169997172,True,1.350746862000051,False,6868,False,17137,0,1.0,0.8503554026441258,3.6036537670001962,False,hnsw,413720576,0,,run_00117.json,2,7226,3.9172829130002356,9.7545188590002,1,[]
518336,105497,836791,98548,0,0.0,125280000,True,532,532,518336,20648714,True,mixture,1.0,1.0,1.0,True,True,True,sparse,0.7359071589999076,True,1.0625272430002042,True,6264,True,0,0,1.0,1.0,8.986754475999987,True,verified_hnsw_complete,364740608,0,369,run_00118.json,0,6264,16.825160605999827,27.610349483999926,1,[]
580,27651,7655,27323,0,0.004875397172748541,0,False,14,116,499,366952,True,curve,0.9586776859504132,1.0,0.9586776859504132,False,False,True,sparse,0.01639836699996522,True,0.4838017439997202,True,614,False,2139,0,1.0,0.928197381671702,0.0,False,verified_hnsw_partial,193232896,1,328,run_00119.json,1,614,0.2187698550001187,0.7189699659998041,1,[]
518336,105497,836791,98548,0,0.0,125280000,True,532,532,518336,20648714,True,mixture,1.0,1.0,1.0,True,True,True,inverted,0.8947803800001566,True,1.0367765409996537,True,6264,True,0,0,1.0,1.0,8.433434312999907,True,verified_hnsw_complete,395476992,1,369,run_00120.json,0,6264,16.204330736999964,26.56932197099968,1,[]
518645,105229,819017,104825,0,0.36028867959976196,0,False,478,1096,74299,19649421,True,mixture,0.9285826825224606,1.0,0.9285826825224606,False,False,True,sparse,0.6905991579997135,True,1.0964026079996074,True,6090,False,7643,0,1.0,0.932286129420937,0.0,False,verified_hnsw_partial,365195264,0,404,run_00121.json,1,6090,15.862401114999557,17.649402880998878,1,[]
696233,96450,885916,,0,1.1198536902666092,0,False,749,3940,14656,,False,gaussian,0.7963738227105623,1.0,0.7963738227105623,False,False,True,sparse,0.8821809020000728,True,1.322633142000086,False,6747,False,18472,0,1.0,0.839264892709838,3.288786959999925,False,hnsw,423198720,1,,run_00122.json,0,7157,4.039056185999925,9.532657190000009,1,[]
601,29797,9800,27093,0,0.0,12140000,True,9,9,601,396516,True,curve,1.0,1.0,1.0,True,True,True,sparse,0.018343103000006522,True,0.5125161009996191,True,607,True,0,0,1.0,1.0,0.8642634839998209,True,verified_hnsw_complete,196743168,2,388,run_00123.json,2,607,0.23520830999996178,1.6303309979994083,1,[]
536603,114134,934543,105267,0,0.0,118120000,True,438,438,536603,18583747,True,mixture,1.0,1.0,1.0,True,True,True,inverted,0.8963680869997006,True,1.0515827300000637,True,5906,True,0,0,1.0,1.0,8.386449278999862,True,verified_hnsw_complete,402522112,1,438,run_00124.json,2,5906,14.774968740000077,25.109368835999703,1,[]
483346,98917,741408,98548,0,0.3387940376996994,0,False,532,1063,84478,20648714,True,mixture,0.9324955241387826,1.0,0.9324955241387826,False,False,True,sparse,0.669227100000171,True,1.0569017200000417,True,6264,False,6580,0,1.0,0.9376285581580519,0.0,False,verified_hnsw_partial,352129024,0,369,run_00125.json,0,6264,16.161747812000158,17.88787663200037,1,[]
497793,105267,810285,,0,0.42090749740600586,0,False,438,1194,65797,,False,mixture,0.9276746496012881,1.0,0.9276746496012881,False,False,True,sparse,0.678104582999822,True,0.9922757690001163,False,5906,False,8867,0,1.0,0.9223106173445249,2.5680552429998897,False,hnsw,357535744,0,,run_00126.json,2,6029,2.732754992000082,6.97119058699991,1,[]
954921,128268,1419251,104633,0,0.0,121100000,True,526,526,954921,21255562,True,gaussian,1.0,1.0,1.0,True,True,True,inverted,1.505896204000237,True,1.2849493900002926,True,6055,True,0,0,1.0,1.0,7.652673961999881,True,verified_hnsw_complete,566030336,1,1019,run_00127.json,1,6055,15.856567742999687,26.300087299000097,1,[]
580,27651,7655,27323,0,0.004875397172748541,0,False,14,116,499,366952,True,curve,0.9586776859504132,1.0,0.9586776859504132,False,False,True,inverted,0.018019248000200605,True,0.4595274220000647,True,614,False,2139,0,1.0,0.928197381671702,0.0,False,verified_hnsw_partial,194347008,1,328,run_00128.json,1,614,0.21838125599970226,0.6959279259999676,1,[]
696233,96450,885916,,0,1.1198536902666092,0,False,749,3940,14656,,False,gaussian,0.7963738227105623,1.0,0.7963738227105623,False,False,True,inverted,1.0262978010000552,True,1.288564734999909,False,6747,False,18472,0,1.0,0.839264892709838,3.2126136940000833,False,hnsw,452038656,1,,run_00129.json,0,7157,3.6130320149995896,9.140508244999637,1,[]
573,27093,7358,,0,0.005382304049872055,0,False,9,125,482,,False,curve,0.9534109816971714,1.0,0.9534109816971714,False,False,True,sparse,0.01529382299986537,True,0.47211893699977736,False,607,False,2704,0,1.0,0.9092526093230863,0.09869023700002799,False,hnsw,188960768,0,,run_00130.json,2,695,0.14618288000019675,0.7322858769998675,1,[]
558534,112872,934006,104825,0,0.0,121800000,True,478,478,558534,19649421,True,mixture,1.0,1.0,1.0,True,True,True,inverted,1.0000034519998735,True,1.0226691160000883,True,6090,True,0,0,1.0,1.0,8.104678056000012,True,verified_hnsw_complete,409280512,2,404,run_00131.json,1,6090,15.283543895000093,25.410894519000067,1,[]
669044,98180,844563,97381,0,1.1461875140666962,0,False,795,3769,17912,26091693,True,gaussian,0.796425013005039,1.0,0.796425013005039,False,False,True,sparse,0.9057491280000249,True,1.247131193000314,True,6868,False,16338,0,1.0,0.8573324717511658,0.0,False,verified_hnsw_partial,413831168,1,799,run_00132.json,2,6868,19.734866384999805,21.887746706000144,1,[]
580,27651,7655,27323,0,0.004875397172748541,0,False,14,116,499,366952,True,curve,0.9586776859504132,1.0,0.9586776859504132,False,False,True,sparse,0.016592176999893127,True,0.45616580900014014,True,614,False,2139,0,1.0,0.928197381671702,0.0,False,verified_hnsw_partial,194076672,0,328,run_00133.json,1,614,0.22172428999965632,0.6944822759996896,1,[]
518336,105497,836791,98548,0,0.0,125280000,True,532,532,518336,20648714,True,mixture,1.0,1.0,1.0,True,True,True,sparse,0.7020618950000426,True,0.9940915780002797,True,6264,True,0,0,1.0,1.0,8.549360456999693,True,verified_hnsw_complete,365092864,1,369,run_00134.json,0,6264,16.66869084100017,26.914204771000186,1,[]
574,27481,7483,27093,0,0.005382304049872055,0,False,9,103,504,396516,True,curve,0.9550748752079867,1.0,0.9550748752079867,False,False,True,sparse,0.01639634000002843,True,0.5114360019997548,True,607,False,2316,0,1.0,0.9222740544350102,0.0,False,verified_hnsw_partial,193794048,2,388,run_00135.json,2,607,0.2332532369996443,0.7610855789994275,1,[]
580,27323,7531,,0,0.004929746761534681,0,False,14,129,486,,False,curve,0.9586776859504132,1.0,0.9586776859504132,False,False,True,inverted,0.018910285999936605,True,0.45262638199983485,False,614,False,2467,0,1.0,0.9171869754951326,0.10254960900010701,False,hnsw,191655936,1,,run_00136.json,1,697,0.14928272500037565,0.7233690020002541,1,[]
573,27093,7358,,0,0.005382304049872055,0,False,9,125,482,,False,curve,0.9534109816971714,1.0,0.9534109816971714,False,False,True,sparse,0.01786105699966356,True,0.4690743360001761,False,607,False,2704,0,1.0,0.9092526093230863,0.0979235179997886,False,hnsw,188141568,2,,run_00137.json,2,695,0.15203510899982575,0.736894019999454,1,[]
592,29557,9561,26964,0,0.0,12100000,True,17,17,592,379870,True,curve,1.0,1.0,1.0,True,True,True,inverted,0.019412936000207992,True,0.4639497850002954,True,605,True,0,0,1.0,1.0,0.7602364469998975,True,verified_hnsw_complete,200982528,1,361,run_00138.json,0,605,0.2191505609998785,1.4627497290002793,1,[]
668681,97381,843794,,0,1.1461875140666962,0,False,795,3860,16739,,False,gaussian,0.7959929004986555,1.0,0.7959929004986555,False,False,True,inverted,1.014436408000165,True,1.2833900390000963,False,6868,False,17137,0,1.0,0.8503554026441258,3.312960433000171,False,hnsw,443076608,1,,run_00139.json,2,7226,3.7900553660001606,9.400842246000593,1,[]
573,27093,7358,,0,0.005382304049872055,0,False,9,125,482,,False,curve,0.9534109816971714,1.0,0.9534109816971714,False,False,True,sparse,0.01658414499979699,True,0.4610696609997831,False,607,False,2704,0,1.0,0.9092526093230863,0.09851744900015547,False,hnsw,188837888,1,,run_00140.json,2,695,0.14892038800007867,0.7250916429998142,1,[]
742222,105652,985269,104633,0,1.5031949952244759,0,False,526,3877,8821,21255562,True,gaussian,0.7772601084278176,1.0,0.7772601084278176,False,False,True,sparse,1.0526765879999402,True,1.2785419900001216,True,6055,False,22616,0,1.0,0.8236816665107431,0.0,False,verified_hnsw_partial,437915648,1,1019,run_00141.json,1,6055,15.842139046999819,18.17335762499988,1,[]
483249,98548,741040,,0,0.4088723957538605,0,False,532,1113,80530,,False,mixture,0.9323083868378812,1.0,0.9323083868378812,False,False,True,inverted,0.8497989590000543,True,1.0769185049998669,False,6264,False,6949,0,1.0,0.9341308283647877,2.9657183160002205,False,hnsw,380588032,2,,run_00142.json,0,6440,3.141721213999972,8.034156994000114,1,[]
742222,105652,985269,104633,0,1.5031949952244759,0,False,526,3877,8821,21255562,True,gaussian,0.7772601084278176,1.0,0.7772601084278176,False,False,True,inverted,1.197490992999974,True,1.4047811390000788,True,6055,False,22616,0,1.0,0.8236816665107431,0.0,False,verified_hnsw_partial,491020288,0,1019,run_00143.json,1,6055,17.031990427999972,19.634262560000025,1,[]
668681,97381,843794,,0,1.1461875140666962,0,False,795,3860,16739,,False,gaussian,0.7959929004986555,1.0,0.7959929004986555,False,False,True,inverted,1.1280538010000782,True,1.359146141999645,False,6868,False,17137,0,1.0,0.8503554026441258,3.4415522620001866,False,hnsw,443215872,0,,run_00144.json,2,7226,3.936206190000121,9.86495839500003,1,[]
840059,114518,1150593,97381,0,0.0,137360000,True,795,795,840059,26091693,True,gaussian,1.0,1.0,1.0,True,True,True,sparse,1.078924632000053,True,1.30798151099998,True,6868,True,0,0,1.0,1.0,9.161896297000112,True,verified_hnsw_complete,472489984,2,799,run_00145.json,2,6868,19.841528400999778,31.390330840999923,1,[]
497793,105267,810285,,0,0.42090749740600586,0,False,438,1194,65797,,False,mixture,0.9276746496012881,1.0,0.9276746496012881,False,False,True,sparse,0.6781752629999573,True,1.0316730819999975,False,5906,False,8867,0,1.0,0.9223106173445249,2.584930835999785,False,hnsw,357236736,1,,run_00146.json,2,6029,2.773218435999752,7.067997616999492,1,[]
696233,96450,885916,,0,1.1198536902666092,0,False,749,3940,14656,,False,gaussian,0.7963738227105623,1.0,0.7963738227105623,False,False,True,inverted,1.0269210659998862,True,1.33774705299993,False,6747,False,18472,0,1.0,0.839264892709838,3.465021871999852,False,hnsw,452005888,0,,run_00147.json,0,7157,3.9547385629998644,9.784428553999533,1,[]
741785,104633,984219,,0,1.5031949952244759,0,False,526,3953,8284,,False,gaussian,0.7768024789485204,1.0,0.7768024789485204,False,False,True,inverted,1.21129132499982,True,1.4003241340001296,False,6055,False,23635,0,1.0,0.8157373623974803,3.2436423189997186,False,hnsw,488423424,1,,run_00148.json,1,6506,3.6726648559997557,9.527922633999424,1,[]
592,29557,9561,26964,0,0.0,12100000,True,17,17,592,379870,True,curve,1.0,1.0,1.0,True,True,True,sparse,0.020672526999987895,True,0.46358088299984956,True,605,True,0,0,1.0,1.0,0.7819470980002734,True,verified_hnsw_complete,196468736,0,361,run_00149.json,0,605,0.2513831830001436,1.5175836910002545,1,[]
668681,97381,843794,,0,1.1461875140666962,0,False,795,3860,16739,,False,gaussian,0.7959929004986555,1.0,0.7959929004986555,False,False,True,sparse,0.934663370999715,True,1.4628717410000718,False,6868,False,17137,0,1.0,0.8503554026441258,3.672311179999724,False,hnsw,413057024,2,,run_00150.json,2,7226,4.205316753000261,10.275163044999772,1,[]
696233,96450,885916,,0,1.1198536902666092,0,False,749,3940,14656,,False,gaussian,0.7963738227105623,1.0,0.7963738227105623,False,False,True,sparse,0.8566066900002625,True,1.2226854089999506,False,6747,False,18472,0,1.0,0.839264892709838,3.2678313649998927,False,hnsw,423190528,2,,run_00151.json,0,7157,3.4649544740000238,8.81207793800013,1,[]
518554,104825,818601,,0,0.36028867959976196,0,False,478,1162,71435,,False,mixture,0.9284197560041108,1.0,0.9284197560041108,False,False,True,sparse,0.6819966409998415,True,0.9668343240000468,False,6090,False,8047,0,1.0,0.9287068537812744,2.6807998260001114,False,hnsw,364486656,1,,run_00152.json,1,6273,2.9390139280003496,7.268644719000349,1,[]
954921,128268,1419251,104633,0,0.0,121100000,True,526,526,954921,21255562,True,gaussian,1.0,1.0,1.0,True,True,True,sparse,1.2470629580002424,True,1.3204445189999205,True,6055,True,0,0,1.0,1.0,8.624400265000077,True,verified_hnsw_complete,510812160,0,1019,run_00153.json,1,6055,16.485786485000062,27.677694227000302,1,[]
601,29797,9800,27093,0,0.0,12140000,True,9,9,601,396516,True,curve,1.0,1.0,1.0,True,True,True,sparse,0.01879944699976477,True,0.480640368999957,True,607,True,0,0,1.0,1.0,0.7747141019999617,True,verified_hnsw_complete,196857856,1,388,run_00154.json,2,607,0.2310880800000632,1.5052419979997467,1,[]
497915,105705,810800,105267,0,0.42090749740600586,0,False,438,1154,68594,18583747,True,mixture,0.9279020057659014,1.0,0.9279020057659014,False,False,True,inverted,0.8577343509996354,True,1.0295514370000092,True,5906,False,8429,0,1.0,0.9261482117510996,0.0,False,verified_hnsw_partial,387735552,0,438,run_00155.json,2,5906,14.717511042000297,16.60479682999994,1,[]
840059,114518,1150593,97381,0,0.0,137360000,True,795,795,840059,26091693,True,gaussian,1.0,1.0,1.0,True,True,True,inverted,1.368998542999634,True,1.3323626920000606,True,6868,True,0,0,1.0,1.0,9.467809912999655,True,verified_hnsw_complete,525238272,0,799,run_00156.json,2,6868,19.53425560100004,31.70342674899939,1,[]
742222,105652,985269,104633,0,1.5031949952244759,0,False,526,3877,8821,21255562,True,gaussian,0.7772601084278176,1.0,0.7772601084278176,False,False,True,inverted,1.2357012109996504,True,1.2914547770001263,True,6055,False,22616,0,1.0,0.8236816665107431,0.0,False,verified_hnsw_partial,490655744,1,1019,run_00157.json,1,6055,16.48477029200012,19.011926279999898,1,[]
536603,114134,934543,105267,0,0.0,118120000,True,438,438,536603,18583747,True,mixture,1.0,1.0,1.0,True,True,True,sparse,0.7415389679999862,True,1.1126263709998057,True,5906,True,0,0,1.0,1.0,8.407104624999647,True,verified_hnsw_complete,371273728,0,438,run_00158.json,2,5906,14.537934353999844,24.799204317999283,1,[]
560,26964,7217,,0,0.013787814549037436,0,False,17,137,468,,False,curve,0.9459459459459459,1.0,0.9459459459459459,False,False,True,sparse,0.017725006000091525,True,0.4825378219998129,False,605,False,2593,0,1.0,0.9122712047907433,0.10720699000012246,False,hnsw,188710912,1,,run_00159.json,0,695,0.15876440800002456,0.7662342260000514,1,[]
497793,105267,810285,,0,0.42090749740600586,0,False,438,1194,65797,,False,mixture,0.9276746496012881,1.0,0.9276746496012881,False,False,True,sparse,0.6918055310002273,True,1.045131470999877,False,5906,False,8867,0,1.0,0.9223106173445249,2.802490965999823,False,hnsw,357744640,2,,run_00160.json,2,6029,2.9051526010002817,7.444580569000209,1,[]
874254,114922,1219045,96450,0,0.0,134940000,True,749,749,874254,25459747,True,gaussian,1.0,1.0,1.0,True,True,True,inverted,1.4676609129996905,True,1.3618762460000653,True,6747,True,0,0,1.0,1.0,9.476803262999965,True,verified_hnsw_complete,536371200,0,898,run_00161.json,0,6747,20.2166821159999,32.52302253799962,1,[]
