dataset,n_samples,dimension,seed,target_ball_size,calibration_queries,epsilon,landmark_count,exact_landmark_seconds,configuration,factory,construction_params,search_params,train_size,train_seed,query_mode,candidate_k,exact_verify,cover_seconds,status,error,range_micro_recall,range_macro_recall,range_recall_p10,range_micro_precision,range_macro_precision,perfect_range_fraction,false_negative_count,false_positive_count,exact_edge_count,approximate_edge_count,edge_recall,edge_precision,edge_jaccard,exact_components,approximate_components,exact_cycle_rank,approximate_cycle_rank,flat_matches_greedy_cover
isotropic_gaussian,1000,16,0,20,128,3.713603019714356,313,0.005906954997044522,flat,Flat,{},{},,42,auto,,False,0.0046946380025474355,ok,,1.0,1.0,1.0,1.0,1.0,1.0,0,0,3073,3073,1.0,1.0,1.0,55,55,2815,2815,True
isotropic_gaussian,1000,16,0,20,128,3.713603019714356,313,0.005906954997044522,sq8,SQ8,{},{},,42,auto,,False,2.240016847001243,ok,,0.9932533733133433,0.9961777933148156,1.0,0.9928812289246909,0.9939840815816019,0.9009584664536742,18,19,3073,3080,0.9902375528799219,0.987987012987013,0.9784565916398714,55,55,2815,2822,
isotropic_gaussian,1000,16,0,20,128,3.713603019714356,313,0.005906954997044522,sq8_verified,SQ8,{},{},,42,auto,,True,6.1077184440000565,ok,,0.9932533733133433,0.9961777933148156,1.0,1.0,1.0,0.952076677316294,18,0,3073,3043,0.9902375528799219,1.0,0.9902375528799219,55,55,2815,2785,
isotropic_gaussian,1000,16,0,20,128,3.713603019714356,313,0.005906954997044522,ivf_flat_nprobe_1,"IVF16,Flat",{},"{""nprobe"": 1}",,42,auto,,False,0.2257911390006484,ok,,0.41904047976011993,0.5972962733961644,0.25,1.0,1.0,0.25559105431309903,1550,0,3073,333,0.1083631630328669,1.0,0.1083631630328669,55,138,2815,158,
isotropic_gaussian,1000,16,0,20,128,3.713603019714356,313,0.005906954997044522,ivf_sq8_nprobe_1,"IVF16,SQ8",{},"{""nprobe"": 1}",,42,auto,,False,0.23549283199827187,ok,,0.4171664167916042,0.5966900010035541,0.25,0.9991023339317774,0.9993610223642173,0.25559105431309903,1555,1,3073,332,0.1080377481288643,1.0,0.1080377481288643,55,138,2815,157,
isotropic_gaussian,1000,16,0,20,128,3.713603019714356,313,0.005906954997044522,ivf_sq8_verified_nprobe_1,"IVF16,SQ8",{},"{""nprobe"": 1}",,42,auto,,True,0.250790385001892,ok,,0.4171664167916042,0.5966900010035541,0.25,1.0,1.0,0.25559105431309903,1555,0,3073,332,0.1080377481288643,1.0,0.1080377481288643,55,138,2815,157,
isotropic_gaussian,1000,16,0,20,128,3.713603019714356,313,0.005906954997044522,ivf_pq_nprobe_1,"IVF16,PQ16x4",{},"{""nprobe"": 1}",,42,knn,512,False,5.874697689003369,ok,,0.3875562218890555,0.566134134993918,0.22393162393162394,0.9199288256227758,0.9364597539902932,0.2108626198083067,1634,90,3073,336,0.09502115196876017,0.8690476190476191,0.09367982034007058,55,131,2815,154,
isotropic_gaussian,1000,16,0,20,128,3.713603019714356,313,0.005906954997044522,ivf_pq_verified_nprobe_1,"IVF16,PQ16x4",{},"{""nprobe"": 1}",,42,knn,512,True,2.7554433469995274,ok,,0.3875562218890555,0.566134134993918,0.22393162393162394,1.0,1.0,0.23003194888178913,1634,0,3073,270,0.0878620240807029,1.0,0.0878620240807029,55,158,2815,115,
isotropic_gaussian,1000,16,0,20,128,3.713603019714356,313,0.005906954997044522,ivf_flat_nprobe_2,"IVF16,Flat",{},"{""nprobe"": 2}",,42,auto,,False,0.22717023900258937,ok,,0.5652173913043478,0.7092678682333915,0.4,1.0,1.0,0.3194888178913738,1160,0,3073,818,0.2661893914741295,1.0,0.2661893914741295,55,87,2815,592,
isotropic_gaussian,1000,16,0,20,128,3.713603019714356,313,0.005906954997044522,ivf_sq8_nprobe_2,"IVF16,SQ8",{},"{""nprobe"": 2}",,42,auto,,False,0.2399255300006189,ok,,0.5625937031484258,0.7083706003330243,0.4,0.9973421926910299,0.9986005297506895,0.3194888178913738,1167,4,3073,817,0.26553856166612433,0.9987760097919217,0.2654521795705921,55,87,2815,591,
isotropic_gaussian,1000,16,0,20,128,3.713603019714356,313,0.005906954997044522,ivf_sq8_verified_nprobe_2,"IVF16,SQ8",{},"{""nprobe"": 2}",,42,auto,,True,0.24603519599986612,ok,,0.5625937031484258,0.7083706003330243,0.4,1.0,1.0,0.3194888178913738,1167,0,3073,815,0.2652131467621217,1.0,0.2652131467621217,55,87,2815,589,
isotropic_gaussian,1000,16,0,20,128,3.713603019714356,313,0.005906954997044522,ivf_pq_nprobe_2,"IVF16,PQ16x4",{},"{""nprobe"": 2}",,42,knn,512,False,8.78324416599935,ok,,0.5194902548725637,0.6675312726434178,0.3333333333333333,0.9011703511053316,0.9225068120905208,0.2364217252396166,1282,152,3073,815,0.23625122030589002,0.8907975460122699,0.22960151802656548,55,78,2815,580,
isotropic_gaussian,1000,16,0,20,128,3.713603019714356,313,0.005906954997044522,ivf_pq_verified_nprobe_2,"IVF16,PQ16x4",{},"{""nprobe"": 2}",,42,knn,512,True,5.540775443001621,ok,,0.5194902548725637,0.6675312726434178,0.3333333333333333,1.0,1.0,0.2779552715654952,1282,0,3073,672,0.21867881548974943,1.0,0.21867881548974943,55,95,2815,454,
isotropic_gaussian,1000,16,0,20,128,3.713603019714356,313,0.005906954997044522,ivf_flat_nprobe_4,"IVF16,Flat",{},"{""nprobe"": 4}",,42,auto,,False,0.22289747299873852,ok,,0.7458770614692654,0.8495298108436898,0.5858974358974359,1.0,1.0,0.45686900958466453,678,0,3073,1705,0.5548324113244386,1.0,0.5548324113244386,55,62,2815,1454,
isotropic_gaussian,1000,16,0,20,128,3.713603019714356,313,0.005906954997044522,ivf_sq8_nprobe_4,"IVF16,SQ8",{},"{""nprobe"": 4}",,42,auto,,False,0.24278817500089644,ok,,0.7421289355322339,0.8482496864337983,0.5732718894009217,0.9959758551307847,0.9981184669962624,0.4536741214057508,688,8,3073,1707,0.552879921900423,0.9953134153485648,0.5514443362544629,55,62,2815,1456,
isotropic_gaussian,1000,16,0,20,128,3.713603019714356,313,0.005906954997044522,ivf_sq8_verified_nprobe_4,"IVF16,SQ8",{},"{""nprobe"": 4}",,42,auto,,True,0.1762632179998036,ok,,0.7421289355322339,0.8482496864337983,0.5732718894009217,1.0,1.0,0.45686900958466453,688,0,3073,1696,0.5519036771884153,1.0,0.5519036771884153,55,62,2815,1445,
isotropic_gaussian,1000,16,0,20,128,3.713603019714356,313,0.005906954997044522,ivf_pq_nprobe_4,"IVF16,PQ16x4",{},"{""nprobe"": 4}",,42,knn,512,False,0.3843764459998056,ok,,0.6840329835082459,0.7942593229398377,0.5,0.8924205378973105,0.9104518822469186,0.28434504792332266,843,220,3073,1744,0.49430523917995445,0.8709862385321101,0.46058217101273496,55,53,2815,1484,
isotropic_gaussian,1000,16,0,20,128,3.713603019714356,313,0.005906954997044522,ivf_pq_verified_nprobe_4,"IVF16,PQ16x4",{},"{""nprobe"": 4}",,42,knn,512,True,6.985099690002244,ok,,0.6840329835082459,0.7942593229398377,0.5,1.0,1.0,0.3738019169329074,843,0,3073,1427,0.46436706801171496,1.0,0.46436706801171496,55,68,2815,1182,
isotropic_gaussian,1000,16,0,20,128,3.713603019714356,313,0.005906954997044522,ivf_flat_nprobe_8,"IVF16,Flat",{},"{""nprobe"": 8}",,42,auto,,False,0.23025452799993218,ok,,0.9167916041979011,0.9592037551792475,0.8333333333333334,1.0,1.0,0.7252396166134185,222,0,3073,2641,0.8594207614708753,1.0,0.8594207614708753,55,56,2815,2384,
isotropic_gaussian,1000,16,0,20,128,3.713603019714356,313,0.005906954997044522,ivf_sq8_nprobe_8,"IVF16,SQ8",{},"{""nprobe"": 8}",,42,auto,,False,0.2467000239994377,ok,,0.9104197901049476,0.9563843475526147,0.8333333333333334,0.9946764946764947,0.9977214278510014,0.7156549520766773,239,13,3073,2644,0.8532378782948259,0.9916792738275341,0.847172859450727,55,56,2815,2387,
isotropic_gaussian,1000,16,0,20,128,3.713603019714356,313,0.005906954997044522,ivf_sq8_verified_nprobe_8,"IVF16,SQ8",{},"{""nprobe"": 8}",,42,auto,,True,0.251296687998547,ok,,0.9104197901049476,0.9563843475526147,0.8333333333333334,1.0,1.0,0.7188498402555911,239,0,3073,2616,0.8512853888708103,1.0,0.8512853888708103,55,56,2815,2359,
isotropic_gaussian,1000,16,0,20,128,3.713603019714356,313,0.005906954997044522,ivf_pq_nprobe_8,"IVF16,PQ16x4",{},"{""nprobe"": 8}",,42,knn,512,False,9.113902064000285,ok,,0.8380809595202399,0.8940128037546397,0.7142857142857143,0.8883591577274533,0.9043005460038553,0.34185303514376997,432,281,3073,2713,0.7640741945981125,0.865462587541467,0.682955206515416,55,45,2815,2445,
isotropic_gaussian,1000,16,0,20,128,3.713603019714356,313,0.005906954997044522,ivf_pq_verified_nprobe_8,"IVF16,PQ16x4",{},"{""nprobe"": 8}",,42,knn,512,True,4.667247965997376,ok,,0.8380809595202399,0.8940128037546397,0.7142857142857143,1.0,1.0,0.5079872204472844,432,0,3073,2259,0.7351122681418809,1.0,0.7351122681418809,55,59,2815,2005,
isotropic_gaussian,1000,16,0,20,128,3.713603019714356,313,0.005906954997044522,ivf_flat_nprobe_16,"IVF16,Flat",{},"{""nprobe"": 16}",,42,auto,,False,0.2602363459991466,ok,,1.0,1.0,1.0,1.0,1.0,1.0,0,0,3073,3073,1.0,1.0,1.0,55,55,2815,2815,
isotropic_gaussian,1000,16,0,20,128,3.713603019714356,313,0.005906954997044522,ivf_sq8_nprobe_16,"IVF16,SQ8",{},"{""nprobe"": 16}",,42,auto,,False,0.24790950500027975,ok,,0.9936281859070465,0.997180592373367,1.0,0.9943735933983496,0.9970893465781644,0.9105431309904153,17,15,3073,3079,0.9925154572079401,0.9905813575836311,0.9832366215344939,55,55,2815,2821,
isotropic_gaussian,1000,16,0,20,128,3.713603019714356,313,0.005906954997044522,ivf_sq8_verified_nprobe_16,"IVF16,SQ8",{},"{""nprobe"": 16}",,42,auto,,True,0.0352452209990588,ok,,0.9936281859070465,0.997180592373367,1.0,1.0,1.0,0.9488817891373802,17,0,3073,3050,0.9925154572079401,1.0,0.9925154572079401,55,55,2815,2792,
isotropic_gaussian,1000,16,0,20,128,3.713603019714356,313,0.005906954997044522,ivf_pq_nprobe_16,"IVF16,PQ16x4",{},"{""nprobe"": 16}",,42,knn,512,False,3.4341563699999824,ok,,0.9115442278860569,0.92962452110026,0.75,0.886943836615609,0.9041360517639241,0.3801916932907348,236,310,3073,3128,0.8740644321509925,0.8586956521739131,0.764153627311522,55,43,2815,2858,
isotropic_gaussian,1000,16,0,20,128,3.713603019714356,313,0.005906954997044522,ivf_pq_verified_nprobe_16,"IVF16,PQ16x4",{},"{""nprobe"": 16}",,42,knn,512,True,1.3330528559999948,ok,,0.9115442278860569,0.92962452110026,0.75,1.0,1.0,0.6006389776357828,236,0,3073,2627,0.8548649528148389,1.0,0.8548649528148389,55,58,2815,2372,
isotropic_gaussian,1000,16,0,20,128,3.713603019714356,313,0.005906954997044522,hnsw_efsearch_16,HNSW32,"{""efConstruction"": 80}","{""efSearch"": 16}",,42,knn,512,False,0.02811013100290438,ok,,0.97976011994003,0.9942693299881019,1.0,1.0,1.0,0.9137380191693291,54,0,3073,2974,0.9677839245037423,1.0,0.9677839245037423,55,55,2815,2716,
isotropic_gaussian,1000,16,0,20,128,3.713603019714356,313,0.005906954997044522,hnsw_efsearch_32,HNSW32,"{""efConstruction"": 80}","{""efSearch"": 32}",,42,knn,512,False,0.039380374000757,ok,,0.9981259370314842,0.9996820963659239,1.0,1.0,1.0,0.987220447284345,5,0,3073,3070,0.9990237552879921,1.0,0.9990237552879921,55,55,2815,2812,
isotropic_gaussian,1000,16,0,20,128,3.713603019714356,313,0.005906954997044522,hnsw_efsearch_64,HNSW32,"{""efConstruction"": 80}","{""efSearch"": 64}",,42,knn,512,False,0.038229290999879595,ok,,1.0,1.0,1.0,1.0,1.0,1.0,0,0,3073,3073,1.0,1.0,1.0,55,55,2815,2815,
isotropic_gaussian,1000,16,0,20,128,3.713603019714356,313,0.005906954997044522,hnsw_efsearch_128,HNSW32,"{""efConstruction"": 80}","{""efSearch"": 128}",,42,knn,512,False,0.0507949640013976,ok,,1.0,1.0,1.0,1.0,1.0,1.0,0,0,3073,3073,1.0,1.0,1.0,55,55,2815,2815,
isotropic_gaussian,1000,16,0,20,128,3.713603019714356,313,0.005906954997044522,hnsw_efsearch_256,HNSW32,"{""efConstruction"": 80}","{""efSearch"": 256}",,42,knn,512,False,0.06253777099846047,ok,,1.0,1.0,1.0,1.0,1.0,1.0,0,0,3073,3073,1.0,1.0,1.0,55,55,2815,2815,
isotropic_gaussian,1000,16,0,20,128,3.713603019714356,313,0.005906954997044522,pq,PQ16x4,{},{},,42,knn,512,False,6.658573848999367,ok,,0.9017991004497751,0.9224411432072551,0.75,0.8701627486437613,0.885120860258253,0.33865814696485624,262,359,3073,3148,0.8477058249267816,0.8275095298602287,0.7204092920353983,55,45,2815,2880,
isotropic_gaussian,1000,16,0,20,128,3.713603019714356,313,0.005906954997044522,pq_verified,PQ16x4,{},{},,42,knn,512,True,3.480516212999646,ok,,0.9017991004497751,0.9224411432072551,0.75,1.0,1.0,0.5814696485623003,262,0,3073,2550,0.8298080052066384,1.0,0.8298080052066384,55,61,2815,2298,
